,userid,name,description,url,user_domain,weihao,gender,followers_count,bi_followers_count,friends_count,statuses_count,favourites_count,ucreate_at,allow_all_act_msg,geo_enabled,verified,allow_all_comment,verified_reason,credibility1,credibility,credibility3
300,1750295047,宙宙贝,我不是淑女。我什么时候才能当上超人啊。,,beidatou,,f,1349,233,571,3999,99,Thu Jun 03 10:54:23 +0800 2010,0,1,0,1,,0,1,2
301,1750782350,威0001,关注电商 关注互联网 关注最新科技,,qkltuan,,m,601,142,1997,5592,162,Fri Jun 04 18:26:58 +0800 2010,1,1,0,1,,3,2,2
302,1751497823,#NAME?,珍惜，奉献，豁达，勤奋！,,gaozhiwei0209,,m,95,24,241,174,9,Sun Jun 06 00:04:45 +0800 2010,0,1,0,0,,0,2,2
303,1752023062,Lien-randy,你永在我心,,1a2b3c4d5f6d,208883998,m,312,165,277,734,102,Tue Jun 08 13:05:15 +0800 2010,1,1,0,1,,1,2,2
304,1752182074,在路上209,"It was the best of times, it was the worst of times.",http://blog.sina.com.cn/ontheway209,ontheway209,311312333,m,5307,757,1360,8872,202,Tue Jun 08 13:01:03 +0800 2010,0,1,0,1,,1,0,1
305,1752891577,剑客凌凌漆,因梦而生，因梦而醉。,,,,m,431,46,128,95,57,Sat May 14 18:26:47 +0800 2011,1,1,0,1,,2,1,2
306,1756434105,创意家居,爱生活，爱创意家居！,,saying469,,m,1057903,150,525,15077,3,Thu Jun 10 22:15:44 +0800 2010,1,1,0,1,,0,2,1
307,1756766391,甄选,无,,,,m,288,160,1171,3501,5,Sat Oct 22 21:49:00 +0800 2011,0,1,0,1,,2,2,2
308,1757862565,煎饼是个帅气的蹇兵,当天快乐一生都记起 心早给你,,,,m,585,385,487,480,15,Tue Jun 15 16:26:55 +0800 2010,0,1,0,1,,0,1,2
309,1758634995,崂山崂顶石头,被青岛啤酒违法下岗的崂山农民，经历过无数次的上访；法院开庭--都在扯皮；最终明白了：国家体制是个病体，是所有社会不公平的病根！我有责任揭露！,http://blog.sina.com.cn/u/1758634995,,,m,178,26,87,6120,1,Wed Oct 26 21:56:50 +0800 2011,0,1,0,1,,1,2,1
310,1758895713,啊砸,电影是不会骗人的！,http://blog.sina.com.cn/u/1758895713,loversam,,m,1119,198,531,6796,218,Thu Jun 17 08:56:04 +0800 2010,0,0,0,1,,1,1,1
311,1760622272,低调穿行每日冥想,,,,,f,636,112,220,4936,83,Fri Jun 11 16:47:52 +0800 2010,1,1,0,0,,1,2,2
312,1761066921,約書亞chrome,,,joshuaxjw,,m,801,329,1533,9400,107,Tue Jun 22 14:42:23 +0800 2010,1,0,0,1,,2,2,2
313,1761627240,wangbaoheng,let it go,,angelyumiko,317180666,m,288,111,378,857,59,Sun Jun 13 19:07:46 +0800 2010,0,1,0,1,,0,1,2
314,1761916630,ttcui,,,,,m,768,162,874,3717,485,Mon Jun 14 13:14:17 +0800 2010,0,1,0,1,,1,1,2
315,1762387094,Duck_Nuts,篮球迷五迷v迷！,,,,m,57,15,225,83,1,Thu Jul 21 15:39:50 +0800 2011,0,1,0,1,,1,2,2
316,1763362173,网站分析公会,网站分析领域最大自媒体微信公众号，超过40万的网站运营从业者关注，我们会为您提供专业的网站分析、商业案例、数据解读、职场心得等内容，帮助更多的互联网从业者获得资讯和知识！,http://idiaa.org,walib,,m,461534,1222,1480,14245,1522,Sat Jun 26 22:06:35 +0800 2010,1,1,1,1,网站分析公会官方微博,0,0,0
317,1763807091,Little_莫,则为你如花美眷，似水流年,,yellowrice,,m,255,112,258,6206,363,Mon Jun 28 00:43:16 +0800 2010,0,1,0,1,,1,2,2
318,1766515560,隆戈,,,,,m,336,64,584,5576,91,Fri Jun 25 20:54:40 +0800 2010,0,1,0,1,,2,2,2
319,1767006990,qiangwei89757,不作死就不会死,,,,f,964,181,998,16094,4,Sat Jun 26 21:01:38 +0800 2010,0,1,0,1,,2,2,2
320,1767463471,郝八荣太饿KGB,著名虚货，帝都美食初级寻觅者,http://blog.sina.com.cn/u/1767463471,,,m,1130,866,2573,14778,4756,Sun Jul 04 00:03:23 +0800 2010,0,0,0,0,,1,2,1
321,1768354461,Hayeking,从事制度经济学和演化经济学研究,http://blog.sina.com.cn/liuyejins,liuyejin,,m,73047,271,559,7434,8,Mon Jul 05 13:16:33 +0800 2010,0,1,1,1,首都经济贸易大学副教授，九鼎公共事务研究所研究员刘业进,0,0,0
322,1768685651,柠檬CCCl,发自内心 倔强,,,,m,24,5,55,63,3,Fri Apr 19 20:07:01 +0800 2013,0,1,0,1,,1,2,3
323,1768696093,肥蚊飞上屋顶大喝一声,跪求中二毕业,http://blog.163.com/viana_l/,okita1842,,f,618,200,392,17160,368,Mon Jul 05 21:46:33 +0800 2010,0,0,0,1,,0,1,1
324,1769469393,亟兮般若,资本市场中一个算卦的！擅长算准卦！ji xi bo re .急切地希望得到大智慧，唯一路径就是多学习，多请教。望 务烦！ 投资、公益是俺的爱好。,http://blog.sina.com.cn/jianbaboke,gahuxiao,,m,98946,218,415,15688,171,Thu Jun 16 16:15:48 +0800 2011,0,1,1,1,四川广安金保资产管理有限公司  总经理,0,0,0
325,1769985770,CC罩,万山不许一溪奔、拦得溪声日夜喧。到得前头山脚尽，堂堂溪水出前村。,,,,m,1682,729,2000,6265,846,Wed Jul 14 02:51:12 +0800 2010,0,1,0,1,,1,2,2
326,1770890645,梦萦京城,渴望闲暇，享受美好生活,,,,m,1636,82,505,17078,112,Fri Jul 09 07:26:07 +0800 2010,0,0,0,1,,0,2,2
327,1771254755,无神论者101,【切】,,,,m,113,7,155,3142,30,Fri Jul 09 16:20:53 +0800 2010,0,1,0,1,,3,2,3
328,1771432757,宇相遇,看...你还是那么桀骜不驯.,,,,m,371,176,246,636,23,Fri Jul 09 13:46:08 +0800 2010,0,1,0,1,,1,2,2
329,1771928635,杜__旭,Everything that has a beginning has an end,http://blog.sina.com.cn/duxuharry,duxuharry,819724917,m,299,114,272,4521,552,Sat Jul 10 15:28:20 +0800 2010,0,1,0,1,,0,1,1
330,1772919553,素雯是个好姑娘v,,http://blog.sina.com.cn/wen940521,,,f,190,37,160,1735,111,Sat Jul 17 16:11:16 +0800 2010,0,1,0,1,,1,1,1
331,1773057375,小幸哥,善待自己,http://www.mafengwo.cn/u/348377.html,,,m,293,151,340,3851,0,Mon Jul 12 03:32:01 +0800 2010,0,0,0,1,,2,1,1
332,1773109194,你笑眼似弯刀,我在那年初春望见你的笑容和眼泪，然后遇见误终身。。。。。。,,,279900515,f,139,12,57,692,3982,Thu Jul 29 12:57:24 +0800 2010,0,1,0,1,,2,2,2
333,1773731664,Steven_Zoe,风从北吹，身向西倾。,,,,m,20,0,32,277,18,Thu Jul 29 22:53:46 +0800 2010,0,1,0,1,,3,3,3
334,1774341723,半成功的男人,胸怀天下，普渡众生！,,,,m,303,132,599,1585,8,Tue Jul 13 23:13:15 +0800 2010,0,1,0,1,,1,2,2
335,1774800467,投资界微博,●投资界网站（pedaily.cn）采编团队致力于为业界人士提供最及时、准确、深入的市场报道，并整合清科集团十余年的行业研究资源，倾力打造具备丰富数据及深入分析的专业化网站。 ⊿【人物专访】http://people.pedaily.cn/List-c20/  ⊿【热点专题】http://news.pedaily.cn/zt/  ⊿【专家专栏】http://people.pedaily.cn/List-c19/  ⊿【手机应用下载】http://app.pedaily.cn/  ⊿【投资界学堂】http://pe.pedaily.cn/List-c3330/,http://www.pedaily.cn/,pedaily,,m,423397,944,1466,52574,169,Wed Jul 14 09:59:15 +0800 2010,0,1,1,1,投资界官方微博,0,0,0
336,1779136307,夏筱xiao,,,,,f,187,88,186,212,2,Mon Jul 19 17:33:08 +0800 2010,0,1,0,0,,1,2,2
337,1782176870,thph小屋,,,,,m,45,1,79,154,7,Tue Dec 28 23:03:07 +0800 2010,0,1,0,1,,3,2,3
338,1782480265,广州仔YUYU,,,,,m,146,33,94,778,86,Fri Jul 23 13:11:26 +0800 2010,0,1,0,1,,1,2,2
339,1783144054,苏子恪,辛苦不算丑,,,,m,88,62,281,1641,1,Fri Oct 01 06:55:08 +0800 2010,0,1,0,1,,2,2,2
340,1783863027,石头之三亿五,养个小孩不容易,,crazystoneslife,,m,514,55,647,4445,74,Sun Jul 25 14:17:55 +0800 2010,1,1,0,1,,0,2,2
341,1783924182,zbenrey,,,,,m,182,16,1040,3,4,Sun Aug 01 21:47:36 +0800 2010,0,0,0,1,,3,3,3
342,1789603167,青年天津,哈工大普通一校友 中北镇党委副书记,,zhongbunet,,m,241,29,1926,2515,17,Sat Aug 07 23:31:49 +0800 2010,1,1,0,1,,1,2,2
343,1790544993,愤怒的璀璨,,,liusinian,,m,66,42,218,68,13,Mon Aug 09 13:06:14 +0800 2010,0,1,0,1,,1,3,2
344,1790592901,我们本质上都是会孤独一生的人,人哪，要么往高处爬，要么往低处滚,,,,m,129,55,70,554,13,Mon Aug 09 14:37:01 +0800 2010,1,1,0,1,,0,2,2
345,1790840195,卧龙山山民,今夕是何年？,,liujiang01,,m,365,24,168,4974,8,Mon Aug 09 20:39:26 +0800 2010,1,1,0,1,,0,1,2
346,1791504221,猪头世,无，谢谢！,http://blog.sina.com.cn/u/1791504221,wsxalan,,m,598,154,806,3906,231,Tue Aug 10 20:25:26 +0800 2010,0,1,0,1,,1,2,1
347,1792445973,ASD_萧逸,from zero to hero ~！,,,,m,423,17,85,3235,3734,Thu Aug 12 11:23:07 +0800 2010,0,1,0,1,,1,2,2
348,1792907782,明天想去外太空,就算你在大雾里开着摩托车飞驰找死，总有光芒将你引导到清澈的地方。,,,,f,163,58,586,229,719,Mon Oct 04 17:29:15 +0800 2010,0,0,0,0,,3,3,2
349,1794591927,督爷-,神爱世人，甚至将祂的独生子赐给他们。叫一切信祂的，不至灭亡，反得永生。约翰福音3：16,,fucktforfreedom,,m,945,138,390,5770,33,Sat Aug 14 18:34:43 +0800 2010,0,1,0,0,,0,2,2
350,1796469860,阿拉江湖百晓生,近期顺便收了一个徒弟。他叫:迷失的小王子2014，他还没出师，只会胡猜，这一切都是为师的错,,wojibuzhu,,m,136,16,132,3982,120,Fri Aug 20 13:59:04 +0800 2010,0,0,0,0,,3,2,2
351,1796774655,迎面吹来凉爽的我,音乐微信号：Timesmusic。所有音乐都在这里。,,,,m,686,83,186,1493,10,Fri Apr 01 23:43:16 +0800 2011,0,1,0,1,,0,1,2
352,1797841182,早起的鸟儿有虫吃_,成长&进步,http://blog.sina.com.cn/u/1797841182,selitao,,m,59,11,91,572,51,Sun Aug 22 09:33:41 +0800 2010,0,1,0,1,,1,2,1
353,1799504537,AALyon,酒精过敏的凉,,,,m,9,8,191,21,1,Sat Aug 21 11:09:36 +0800 2010,0,1,0,1,,2,3,3
354,1799615670,南昌广告标牌,广告设计、标牌制作、商业摄影,http://www.signtu.cn/jp,joeocn,,m,206,19,181,37,0,Tue Aug 24 09:38:15 +0800 2010,1,1,0,1,,2,2,1
355,1799984651,张丹_CIS,140个字改变了信息的传递，1次点击使你我联系在一起，爱生活爱互联网，致力于互联网舆情分析系统！,,zhangdan1985,,m,498,141,720,1375,394,Sat Aug 21 21:38:51 +0800 2010,0,1,0,1,,1,2,2
356,1800028194,sunshineYouth,,,,,m,320,97,399,5307,7,Wed Sep 22 17:55:42 +0800 2010,0,1,0,1,,2,2,2
357,1800272304,萱晓萱麻麻,一辈子只穿一件婚纱~~~,,,,f,148,21,132,539,4,Fri Nov 04 11:40:53 +0800 2011,0,1,0,0,,1,2,2
358,1801549785,泡沫之夏2293,很简单也很聪明，不孤独却也最孤独。,,,,f,694,87,754,11052,31,Tue Aug 24 11:37:02 +0800 2010,0,0,0,1,,0,2,2
359,1801993497,万年海天,All You Need is Love,,laseren,,m,72,16,108,169,210,Tue Aug 24 22:21:11 +0800 2010,0,1,0,1,,3,2,2
360,1802191362,原谅我不会说谎,把快乐用微博传递给每一个关注我和我关注的朋友，一起分享属于大家的快乐。,http://blog.sina.com.cn/ljl888315,,,m,731,57,550,9216,49,Sun Sep 26 20:13:40 +0800 2010,0,1,0,1,,0,1,1
361,1802201027,_NewFresh,お前じゃない,,jrrrrrhea,,m,60,10,70,27,0,Wed Aug 25 10:19:33 +0800 2010,0,0,0,1,,2,3,2
362,1802231543,-Lucy-,,,rong111,,f,191,90,197,1008,112,Wed Aug 25 10:52:06 +0800 2010,0,1,0,1,,1,2,2
363,1802374355,cj-菜头,潜心 幸运,,caijiancaijian,,f,690,123,397,4289,281,Wed Aug 25 14:03:34 +0800 2010,0,1,0,1,,0,1,2
364,1802896464,牧羊北海北,闲来无事刷微博，闷时微博乱涂鸦,http://qing.blog.sina.com.cn/1802896464,lewsinjun,,m,678,251,1460,9021,2090,Mon Sep 27 09:08:52 +0800 2010,0,1,0,1,,1,2,1
365,1803904730,_人一样的猪,没人会等你的，傻逼，张学凡,,,,m,106,15,77,490,108,Mon Aug 30 22:57:41 +0800 2010,0,1,0,1,,2,2,2
366,1807097681,-王大星-,做什么样的人要低调，做什么样的事要高调，怎样才能有礼貌！,http://blog.sina.com.cn/u/1807097681,homelessstar,,m,118,86,276,13,0,Wed Sep 01 09:53:34 +0800 2010,0,0,0,0,,1,3,1
367,1807765211,我们的熊宝宝,,,,,m,21,0,206,742,24,Wed Sep 01 23:28:44 +0800 2010,0,0,0,0,,3,3,3
368,1808671504,laladui_2008,卖苦力的,,laladui,,m,126,65,151,86,13,Tue Apr 19 10:01:39 +0800 2011,0,1,0,1,,1,3,2
369,1808989194,蜀溪春,幽默是面对人生不完美的最佳办法。,,,,m,712,17,82,2056,115,Thu Sep 09 17:26:48 +0800 2010,0,0,0,1,,0,1,2
370,1811851731,张开磊,我荒废的今日，正是昨日殒身之人祈求的明日。,,laserstone,,m,16854,804,1856,28748,52,Sun Sep 05 12:26:58 +0800 2010,0,1,1,1,Value Chain Consulting（威尔谦咨询） 总经理,0,1,0
371,1813699217,绿色的煎茶盒子,下雨天我在沙发上躺着玩手机吃提子开着电视没错我现在是一个胖子?,,yangtitiecho,,f,410,117,518,1444,10,Tue Sep 07 13:25:48 +0800 2010,0,1,0,1,,1,2,2
372,1816089592,张差不多,有些路是要一个人走的，没人会等你，没人会理你。,,,,m,31,13,58,21,2,Wed Sep 15 14:27:23 +0800 2010,0,1,0,1,,1,3,2
373,1822495541,百里巫贤,爱郁粥 御玖,,zopmop,,m,425,102,229,1924,30,Wed Sep 22 10:04:31 +0800 2010,0,0,0,1,,1,1,2
374,1822774327,大梦无痕新家,平凡世界，金色华年,,,,m,392,150,586,1466,29,Wed Nov 10 21:40:24 +0800 2010,0,1,0,1,,1,2,2
375,1825001923,Formax-David,我就是我，颜色不一样的水果。,,,315888520,m,861,136,193,312,22,Mon Oct 11 14:53:45 +0800 2010,0,1,1,0,FORMAX（福亿）集团投资顾问,0,2,0
376,1825994974,投资者大旗,私募基金投资总监,,,,m,5638,4,56,4114,6,Mon Oct 17 15:41:21 +0800 2011,0,0,0,0,,0,2,2
377,1826197510,李树李,,,lj929,307227191,m,676,218,256,3193,299,Thu Sep 23 00:16:06 +0800 2010,0,1,1,1,IBM全球执行服务中心（GDC）深圳 UNIX/Linux系统维护工程师,1,1,0
378,1826462702,单眼看微博,阳光证明这并不是一场梦！,,,,m,32,2,78,849,13,Thu Sep 23 13:29:21 +0800 2010,0,1,0,1,,3,2,3
379,1826523787,小编妹妹,Life is what you fight for!,http://blog.sina.com.cn/Alcina2012,,,f,118,18,154,242,330,Wed Oct 06 14:00:16 +0800 2010,0,1,0,1,,1,2,1
380,1827620750,支乙丁,,http://blog.sina.com.cn/000zyj,000n,335718000,m,1083,12,399,2323,4,Fri Sep 24 21:24:52 +0800 2010,0,0,0,1,,0,1,1
381,1827652980,无小双_pp,如果，你就是那一杯竹叶青。,,wuxiaoshuang2010,,f,535,91,389,3093,173,Fri Sep 24 22:39:04 +0800 2010,0,1,0,0,,1,2,2
382,1829052867,马嚼头,百无一用是书生。,,majiaotou,,f,332,72,597,4706,92,Fri Dec 10 09:35:44 +0800 2010,0,1,0,0,,2,2,2
383,1829718085,_农家小炒肉_,,,,,m,109,42,139,1388,13,Sat Sep 24 15:01:07 +0800 2011,0,1,0,1,,1,2,2
384,1830225035,拴牛小哥,一个有为青年，一个忧国忧民的普通人，一个爱家的男人,,xiaoqiangandxiaonan,,m,252,69,172,1824,356,Fri Oct 15 13:05:06 +0800 2010,0,1,0,0,,1,2,2
385,1832207852,泪奔的BANANA,自我毁灭的民族一员,,,,m,152,19,1164,2814,104,Mon Sep 27 23:40:34 +0800 2010,0,1,0,0,,2,3,2
386,1832643557,傻X250,2货有2货的苦恼，傻逼有傻逼的不如意,,,,m,88,26,153,879,2,Mon Oct 18 11:13:14 +0800 2010,0,0,0,1,,1,3,2
387,1832915275,死鬼醒醒,冷漠，是伤人最利的刀…,,,,m,640,18,121,8378,8,Mon Oct 18 16:32:33 +0800 2010,1,0,0,1,,0,1,2
388,1836063304,dingding0000,,,,,m,13,14,1883,2,34,Sun Jan 23 01:13:31 +0800 2011,0,1,0,0,,3,3,3
389,1836219220,看白云散步,坚守二字，无限甘苦。,,,,m,270,27,96,1888,854,Thu Sep 30 14:21:15 +0800 2010,0,1,0,0,,0,2,2
390,1836573720,The休止符,【爱你是最美的伤口，我的成就，我的所有。】,,,,m,151,41,72,1122,1,Thu Sep 30 18:06:03 +0800 2010,0,1,0,1,,1,2,2
391,1838073200,_殷姗姗,总是有点小情绪，偶尔发点小神经、虽然有点小脾气、却是快乐小二逼。,http://blog.sina.com.cn/u/1838073200,shiny217,,f,806,167,504,1975,1787,Tue Nov 02 10:35:41 +0800 2010,0,1,0,0,,1,2,1
392,1842182751,迷蜜密,,,,,m,53,14,446,4038,15,Sat Oct 30 08:56:52 +0800 2010,0,1,0,1,,2,2,2
393,1842751187,雪刀ing,。。。,,mcding,,m,217,55,516,668,325,Sun Oct 31 00:18:36 +0800 2010,0,1,0,1,,2,2,2
394,1843150234,嗡嘛呢唄咩吽,【諸法空相，一念放下，萬般自在】身不淨、領受苦、心無常、法無我,http://tw.myblog.yahoo.com/wu591031,,,m,208,6,115,420,80,Tue Oct 05 23:03:40 +0800 2010,0,1,0,1,,1,2,1
395,1846876387,Monkey_D_Fion,勿忘初心，方得始终。,,fion19900428,,f,627,207,617,16968,1434,Thu Nov 04 10:47:51 +0800 2010,0,1,0,0,,2,2,2
396,1847527251,桃纸兔_酸奶大爷赛高,勿忘初心，加油,,,,f,480,95,222,5779,65,Thu Nov 04 20:33:48 +0800 2010,0,1,0,1,,1,1,2
397,1848265485,为毛天天肚子饿,本人微博言论仅代笔个人，与供职单位无关,,xmxieshan,,f,209,53,742,1709,90,Fri Nov 05 14:46:33 +0800 2010,1,1,0,1,,1,2,2
398,1848276020,陈慈航Jasmine,暗落落做事会上瘾,http://blog.sina.com.cn/u/1848276020,cchjasmine,206767561,f,651,186,303,2062,47,Sun Oct 10 18:41:42 +0800 2010,0,1,0,1,,0,1,1
399,1849252491,新时代视野,放眼全球，看今日中国,,huli5566,,f,106,10,159,1126,13,Sat Nov 06 12:47:07 +0800 2010,0,1,0,1,,3,3,2
400,1849908320,杨伟杰o,寒蟬，冬月 walk into the sunset with my bb,,,,m,345,146,308,262,541,Tue Oct 12 00:03:47 +0800 2010,0,1,0,0,,1,2,2
401,1851518801,大漠卧雪,中国制造,,,,m,466,129,324,27,167,Sat Feb 12 13:32:56 +0800 2011,1,0,0,1,,1,2,2
402,1852680115,域名特卖网,域名特卖: www.yumingtemai.com QQ: 765060698 www.jinpinpai.com,http://www.yumingtemai.com,jinpinpai,238071232,m,616,319,905,1929,2,Tue Nov 09 15:37:08 +0800 2010,0,1,0,1,,2,2,1
403,1854805035,逝去的青春851223,,,,,m,50,8,292,1151,125,Thu Nov 11 15:15:52 +0800 2010,0,1,0,0,,3,3,3
404,1856100737,小艾九九,天下无敌小牛牛。。。,,,,f,408,17,708,2777,160,Wed Mar 23 02:01:05 +0800 2011,0,0,0,0,,3,3,2
405,1859090320,flui是条小锦鲤,,,flui,,m,330,169,290,249,3,Wed Oct 20 20:13:01 +0800 2010,0,1,0,1,,1,2,2
406,1863599464,江南-无花,生命，不是躯体，而是心性,,,,m,813,181,692,11921,1458,Thu Oct 28 20:24:49 +0800 2010,0,1,0,1,,1,2,2
407,1863742837,我是王闹儿,累,,longdidong,,f,310,193,417,1671,1438,Thu Jan 27 13:38:51 +0800 2011,0,0,0,0,,1,2,2
408,1863879994,夏小小苗,步伐太快了'于是就把自己忘了！,,kengkengwowo,,f,353,116,495,992,31,Fri Oct 29 13:26:19 +0800 2010,0,1,0,1,,1,2,2
409,1864262094,ZYYJ_流浪兔,心若没有栖息的地方，到哪儿都是流浪,,,,m,91,32,146,1995,210,Fri Oct 29 23:22:49 +0800 2010,0,1,0,1,,2,2,2
410,1866332625,茉茉莉的小花,,,,,f,213,94,194,178,2,Thu Nov 18 14:00:23 +0800 2010,0,1,0,1,,1,2,2
411,1866703663,Ewa_Lu,北大方正电子有限公司,,,,f,427,119,647,728,505,Thu Nov 18 20:49:14 +0800 2010,0,1,0,1,,2,2,2
412,1867730702,小张旋木,不靠谱 不着调 不严肃 不正经,,,,m,359,150,456,2992,396,Wed Nov 03 19:57:27 +0800 2010,0,1,0,0,,2,2,2
413,1867764335,冬眠的孙海博,是的，我一年四季都在睡。,,honeyofgod,,m,5259,12,122,70,30,Fri Nov 19 17:42:38 +0800 2010,0,1,0,0,,3,2,2
414,1868361067,XeonPhiCluster,"IT民工一枚,求包，可日结、月结、年结 (*>.<*)",,,,m,550,71,516,2344,92,Sat Apr 30 12:11:33 +0800 2011,0,1,0,0,,1,2,2
415,1868861517,超能橘子,宁缺勿滥,,,,m,109,46,134,701,9,Thu Feb 03 00:19:07 +0800 2011,0,1,0,1,,1,2,2
416,1871626984,Hoi_Pang,,,lihoipang,,m,96,37,214,1115,811,Mon Nov 08 12:06:53 +0800 2010,0,1,0,1,,2,2,2
417,1871952392,景祥云,IT那些事，方正数字出版,http://t.sina.com.cn/jingxiangyun,jingxiangyun,,m,1082,57,162,874,26,Mon Nov 08 21:41:40 +0800 2010,0,1,1,1,北京北大方正电子有限公司西北区业务总监景祥云,0,1,0
418,1872147427,被人宰的大头,,,,,m,57,0,68,1762,0,Wed Nov 24 09:03:54 +0800 2010,0,0,0,1,,3,3,3
419,1873656413,阳光小虫Z,心...行走...在路上...风与阳光...,,windvip99,,m,262,95,330,1485,11,Mon Dec 13 14:55:35 +0800 2010,0,1,0,1,,1,2,2
420,1876939361,YCG1011,只为苍生说人话，不为君王唱赞歌,http://weibo.com/05k09,05k09,,m,342,7,420,2232,15,Sun Nov 28 16:53:31 +0800 2010,0,1,0,1,,2,2,1
421,1879572967,中国批发市场网址大全,pifad1.com国内唯一真正批发市场的网址导航。公众微信：haopos-cn【中国好POS共享联盟】，聚财通聚POS北京授权代理商，全国招商。个人微信号：pifad1,http://www.pifad1.com,pifad1,573495511,m,1585,517,1917,17033,111,Wed Dec 01 22:27:13 +0800 2010,0,1,0,0,,2,2,1
422,1880242242,骑着小蚂蚁去流浪,我很牛B,,,,m,204,112,354,2295,15,Sun Jul 24 18:43:16 +0800 2011,0,1,0,1,,1,2,2
423,1881099032,晨世的尘世,我想我的假期该结束了,http://blog.sina.com.cn/lcxuspace,,,m,1025,307,513,1563,612,Fri Nov 26 01:20:38 +0800 2010,0,0,0,1,,0,1,1
424,1882862782,boreborebe,,,,,f,93,9,176,1,154,Wed Nov 24 13:25:16 +0800 2010,0,1,0,1,,3,3,3
425,1883089385,manmmaann,店铺：http：//shop113940919.taobao.com,,,,f,420,139,222,24,45,Sun Dec 05 13:46:25 +0800 2010,0,1,0,1,,2,2,2
426,1883761413,love韩宝仪,文艺青年 你好 色彩,,,,m,221,37,1017,2145,27,Mon Dec 06 09:10:03 +0800 2010,0,1,0,1,,2,2,2
427,1884786160,海宝历险记,这条路注定孤单,http://lamps.qzone.qq.com,xiewenhai,973725707,m,96,54,197,481,28,Sun Nov 28 11:38:36 +0800 2010,0,1,0,1,,1,2,1
428,1886245111,翔123456789,,,,,m,76,20,363,2424,401,Wed Dec 08 12:28:57 +0800 2010,0,1,0,1,,3,2,2
429,1887873093,毅犹未尽chris,不必害怕，这里众生喧哗！,,7600gs,324880800,m,32,13,89,408,24,Thu Dec 09 17:58:58 +0800 2010,0,1,0,1,,1,2,2
140322630356024,1888281331,玉米沺Peter,,,,,m,160,45,183,569,155,Fri Dec 10 04:09:57 +0800 2010,0,1,0,1,,1,2,2
431,1889101544,清风蓝风,关注不易，求粉更不易；有@必互粉。,http://blog.sina.com.cn/sinat,ningfugui,,m,641,345,445,5526,8,Sun Dec 05 16:38:32 +0800 2010,0,1,0,1,,1,1,1
432,1889203065,王开开大,it takes time and it's worth it.,http://blog.sina.com.cn/fabulouslyawesomek,fabulouslyawesomek,,m,125,49,137,536,294,Thu Mar 17 04:19:02 +0800 2011,0,0,0,1,,1,2,1
433,1889536747,视觉系阿毛,江湖笑，爱逍遥，琴和箫，酒来倒。明月照，路迢迢，人会老，心不老。,,,,f,88,35,256,7998,5,Sat Dec 11 13:38:21 +0800 2010,0,0,0,1,,2,2,2
434,1890057381,水不舍,资深媒体人 评论员,,,,m,11956,133,494,2104,2901,Sat Dec 11 21:47:09 +0800 2010,0,1,1,1,资深媒体人、《文汇报》评论员陈志强,0,1,0
435,1890124614,钱皓-互联网分析师,专注互联网早中期投资分析。欢迎自媒体合作，加QQ：1000808，请注明身份【免责声明】微博内容纯属个人业余爱好，与任职公司无关，希望与同行多交流！,,bensonqian,,m,225406,511,581,7670,3762,Tue Dec 07 10:31:11 +0800 2010,1,1,1,1,互联网分析师钱皓,0,0,0
436,1890594262,屈元20,我思故我在,,,,m,752,49,604,31183,454,Wed Dec 08 10:51:58 +0800 2010,0,1,0,1,,1,2,2
437,1891190891,投行稼汉,计算器用不到8位,,,,m,150,5,76,318,3,Sun Dec 12 22:37:48 +0800 2010,0,1,0,1,,2,2,2
438,1891273552,一只胖海椒,旅游高级研发攻城师,,cunwa,,m,192,121,632,131,1041,Sat Jan 08 21:37:16 +0800 2011,0,0,0,1,,2,2,2
439,1891435315,civil当当当,天下英雄出我辈，一入江湖岁月催； 鸿图霸业谈笑间，不胜人生一场醉。,,civilape,,m,181,70,415,2054,1593,Sat Feb 26 16:58:13 +0800 2011,0,1,0,1,,1,2,2
440,1892607062,优雅叛逆的90后,,,,,f,625,235,443,1848,72,Tue Dec 14 14:32:30 +0800 2010,0,1,0,1,,1,2,2
441,1892939637,刘丕峰,用我微小的努力，让世界变得更美好！,,ebullientt,,m,751,54,366,6351,24,Tue Dec 14 19:45:35 +0800 2010,0,1,0,1,,0,1,2
442,1892945683,麦兜兜的麦地,我爱胡图图,,guaidouguai,,f,527,136,190,361,6,Tue Dec 14 19:55:39 +0800 2010,0,1,0,1,,0,1,2
443,1894535465,林好20101010, ,,,,m,442,163,396,997,30,Thu Dec 16 13:38:25 +0800 2010,0,1,0,1,,1,2,2
444,1894809783,闫洁jooyee,各种电商信息发布，欢迎私信爆料~注：本微博言论不代表任何团体或组织,,jooyee,,m,122044,371,410,21019,768,Thu Dec 16 17:43:37 +0800 2010,1,1,1,1,恒泰集团电子商务部技术总监。前当当网数字业务产品总监,0,0,0
445,1895827587,伊_沫儿,本人代理一切韩国护肤品~需要的密我哦~,,,,f,73,57,102,108,0,Fri Dec 17 18:10:43 +0800 2010,0,1,0,1,,2,2,2
446,1895941537,卡给波斯闹机子,可不可以安静的像一株植物。。不说话。。不吵闹。。不强颜欢笑,,guwolf,,m,93,8,36,673,3,Fri Dec 17 20:23:56 +0800 2010,0,1,0,1,,1,2,3
447,1898238945,LxLNDGY,,http://blog.sina.com.cn/u/1898238945,lxlndgy,,m,24,1,56,276,7,Wed Sep 14 11:06:48 +0800 2011,0,0,0,1,,3,2,1
448,1899283270,风无边界,CCFer,,,,m,168,39,289,857,129,Mon May 16 22:15:17 +0800 2011,0,1,0,0,,2,2,2
449,1902993851,fuhree2006,F1，斯诺克，网球,,fuhrer2006,,m,143,34,111,69,0,Sat Dec 25 23:59:12 +0800 2010,0,1,0,1,,1,2,2
450,1903539677,胡桃夹子世界,sabbatical leave,,,,m,269,37,701,2445,195,Sun Dec 26 16:56:41 +0800 2010,1,1,0,1,,2,2,2
451,1904132787,深圳板柱,专注商业地产，专注开发与运营。,,liangbanzhu,,m,9290,216,414,19205,557,Mon Dec 27 13:23:42 +0800 2010,0,0,0,1,,0,2,2
452,1904458010,赵-志-勇,白日梦先生,,,,m,81,12,371,1198,41,Thu Dec 23 16:30:32 +0800 2010,0,1,0,1,,2,2,2
453,1905352345,猴年马月的中国,个人兴趣：近代史，经济周期和人口学,http://blog.sina.com.cn/u/1905352345,,,m,19364,48,97,6729,255,Tue Dec 28 22:15:52 +0800 2010,1,1,1,1,FSA北美精算师  特许金融分析师,0,0,0
454,1905600991,胡胡胡凌凯,,,,,m,132,93,109,10,2,Tue Jan 25 21:10:04 +0800 2011,0,1,0,1,,1,2,2
455,1906087931,林文夕2018,不是所有的鱼都会生活在同一片海里,,cathy1587,,f,560,102,208,1471,1484,Wed Dec 29 18:17:38 +0800 2010,0,1,0,1,,0,2,2
456,1907484231,踏浪潇湘V,记者永远在路上，青年不断地探索！奋斗改变命运，梦想让我们与众不同！,,,,m,217,27,244,347,6,Fri Dec 31 10:35:23 +0800 2010,0,1,0,1,,1,2,2
457,1908081507,很高兴认识你_懂得满足的我自己,叛逆　是因为不成熟，成熟　是因为有经历。,,,,m,261,48,189,696,0,Fri Dec 31 20:38:40 +0800 2010,0,1,0,1,,1,2,2
458,1909380872,企业家智库,【社会企业家同修圣地】公众平台：CEOTXSD,http://blog.sina.com.cn/u/1909380872,nannvqushi,336019888,m,1262229,301,653,32903,1995,Mon Dec 27 13:58:26 +0800 2010,1,0,0,1,,0,1,1
459,1909544712,五德公,温厚 善良 恭慎 节俭 忍让：追求真理，追本求源。,,,,m,901,430,481,3096,143,Mon Dec 27 19:37:12 +0800 2010,0,1,0,1,,0,1,2
460,1911421913,侧之面,,,cemianjjzw,,m,111,81,162,856,112,Tue Jan 04 15:07:41 +0800 2011,0,1,0,0,,1,3,2
461,1912140025,经纬Zhang,,,,,m,330,74,394,2120,24,Wed Jan 05 12:55:44 +0800 2011,0,1,0,1,,1,2,2
462,1912591715,Lew丶VegOng,装逼得逼,,,619910908,m,7753,63,260,56,118,Wed Jan 05 21:44:27 +0800 2011,1,0,0,1,,2,2,2
463,1912920311,丁-丁-喵,我有三个娃。。。,,wooya1,,f,331,75,170,1693,17,Thu Jan 06 11:01:35 +0800 2011,0,0,0,0,,1,2,2
464,1913177965,魏开明,原番薯网数据总监,,weikaiming,,m,337,141,249,438,39,Thu Jan 06 14:58:53 +0800 2011,1,1,0,1,,1,1,2
465,1914087257,吴昊HalWoo,放下多少，就快乐多少。,,wumingsuibi,,m,1335,830,988,5638,100,Fri Jan 07 12:48:29 +0800 2011,0,0,0,1,,0,1,2
466,1914107477,syning快乐,,,sunyning,,m,449,76,181,3841,6,Fri Jan 07 13:13:49 +0800 2011,0,1,0,1,,1,2,2
467,1914481835,碧水动风凉,the best is yet to come,,,,m,130,48,222,2099,163,Fri Jan 07 20:34:10 +0800 2011,0,1,0,1,,2,2,2
468,1915384897,不知蜀魏,,,,,m,98,41,455,1123,61,Sat Jan 08 19:01:56 +0800 2011,0,1,0,1,,3,3,2
469,1915878710,大老客大大,喜观察，爱思考！ 做正确的事，用正确的方法，尽最大的努力！,http://1248129.qzone.qq.com/,bigheadwy,,m,1537,149,979,9341,4,Tue Jan 25 14:16:37 +0800 2011,0,1,0,1,,1,1,1
470,1916993711,海绵jacy,a decent lollapalooza...,http://blog.sina.com/jacyonthego,jacyyu,,f,371,11,141,109,41,Mon Jan 10 17:33:10 +0800 2011,0,1,0,1,,1,2,1
471,1917260881,上帝家属,我有信仰，但是那东西不是神。如果人们有信仰才会做好人 那么这跟有主子的奴才才会安分有什么区别,http://blog.sina.com.cn/erchenzhongguo,xinzedeshenghuo,,m,726,45,656,2286,112,Mon Jan 10 20:56:24 +0800 2011,0,1,0,1,,1,2,1
472,1919731122,burning-soul,my soul is burning for...,,,,m,125,35,398,755,54,Sat Apr 23 19:35:04 +0800 2011,0,1,0,1,,2,2,2
473,1921884540,落叶间的风,做个有良知的中国人,,,,m,64,10,448,169,7,Wed Jan 19 16:05:33 +0800 2011,0,0,0,1,,2,2,2
474,1924457857,Fishhead250,绝对不吃咖喱鱼头@_@,,,,m,87,12,99,765,61,Mon Jan 17 14:29:36 +0800 2011,0,1,0,1,,1,2,2
475,1925678580,熹泊名,,,,,m,94,29,281,312,2,Mon Jan 24 14:25:37 +0800 2011,0,1,0,1,,2,3,2
476,1925981023,宋勇鑫,小编辑一枚,,songyongxin,,m,627,212,585,2353,37,Tue Jan 18 15:58:51 +0800 2011,0,1,0,1,,0,1,2
477,1926261817,大靓猫哥哥,我不介绍自己，时间会给你答案。,http://blog.sina.com.cn/u/1926261817,xiaoyaoxiong,815339878,m,892,103,216,853,199,Tue Jan 18 20:14:19 +0800 2011,0,0,0,1,,0,1,1
478,1926570922,麦小麦Bao,永不停歇的舞步,,,,f,94,12,114,98,0,Thu Nov 24 21:50:05 +0800 2011,1,1,0,1,,1,2,2
479,1926909715,第一财经日报,中国第一份市场化的财经日报，以“对时代负责”作为办报理念，坚持权威主流、专业负责、理性大气、贴近市场的编辑方针。每周一至周六出版。,,yicairibao,,m,4053589,1540,1990,26660,158,Wed Jan 19 11:46:29 +0800 2011,1,0,1,1,第一财经日报官方微博,0,0,0
480,1930054861,小疯子1916,"When it comes to war, the rule is never retreat, never surrender. 当战争来临时，规矩就是永不退却，永不投降。——绯闻女孩",,,,f,42,10,75,216,26,Fri Jan 21 18:23:35 +0800 2011,0,1,0,1,,1,2,2
481,1930116501,文艺海绵宝宝,不逼自己一把，你的世界永远是黑白的,,,,m,207,15,88,309,16,Fri Jan 21 19:40:14 +0800 2011,0,1,0,1,,1,2,2
482,1930884744,lOl苏打水cCc,"人生如茶,空杯以对。",,,,m,106,25,75,750,1,Mon May 16 23:33:02 +0800 2011,0,1,0,1,,1,2,2
483,1933486225,dl海的诉说,------海，那蓝色自由的王国，犹如大海的狂潮，惊涛拍岸！,,,,m,3007,459,1888,43360,18,Tue Jan 25 00:53:28 +0800 2011,0,1,0,1,,0,2,2
484,1934137963,爱桔色和Ra的张大懒,天苍苍，野茫茫，一枝梨花压海棠。,,,,f,120,8,265,1646,95,Tue Jan 25 13:40:08 +0800 2011,0,1,0,1,,3,2,2
485,1934642607,宇氚,,,,,m,1,0,1,1,0,Thu Feb 17 23:59:43 +0800 2011,0,1,0,1,,3,3,3
486,1934801165,你好_你的包裹给你放门卫上了,爱是一种力量，让我们超越时空的维度感知它的存在,,,,m,4779,42,330,454,44,Wed Jan 26 03:20:18 +0800 2011,1,1,0,1,,0,2,2
487,1934836770,阿波罗说说,,,,,m,17,4,93,18,0,Tue Feb 08 21:38:23 +0800 2011,0,1,0,1,,2,3,3
488,1935853731,满满满小翊,走不进你的心、我就在外面徘徊。,,,,m,84,19,193,72,27,Wed Jan 26 21:05:54 +0800 2011,0,1,0,1,,1,3,2
489,1935858164,竹之岚Amelia,“Through the looking-glass，Amelia”,,pgzlan,,f,615,98,258,9167,110,Thu Feb 10 21:28:48 +0800 2011,0,1,0,1,,1,1,2
490,1936942481,夜晚你看不见我,总有刁民要害死朕！,,sunkop,,m,1926,119,324,3093,359,Thu Jan 27 14:55:32 +0800 2011,1,1,0,1,,0,1,2
491,1937570365,小东很简单,努力努力再努力...,,abraxas24,206050012,m,1407,59,90,7567,108,Fri Jan 28 16:13:50 +0800 2011,0,1,0,0,,0,2,2
492,1938285657,ceelycell_辛迪,@turbosun?||『一只表面安静的理科森 ?(?? ???)??(?? ???)?*』,,,,f,285,92,222,737,138,Fri Jan 28 11:30:46 +0800 2011,0,1,0,1,,1,2,2
493,1938393352,学渣就是喜欢看学神虐学霸,见微博名,,,,f,52,11,68,85,1,Sun May 01 09:31:34 +0800 2011,0,1,0,1,,2,2,2
494,1939216421,高小兴Joy,保持个位数微博，不要问我为什么！,,joielf,,f,741,500,771,1,172,Fri Jan 28 20:31:21 +0800 2011,0,0,0,1,,0,2,2
495,1940798632,总裁语录,我的精彩，你来评阅！,http://weibo.com/232978979,chinaxinwen,776944882,m,1433607,1706,2179,43858,12916,Tue Feb 15 21:13:57 +0800 2011,0,0,0,1,,0,1,1
496,1943989017,妈妈说名字越长越好哎,I'M HAPPY!,,,,m,54,24,201,43,2,Mon Jan 31 17:00:48 +0800 2011,0,1,0,1,,2,2,2
497,1944283965,万董的腹肌果然永远只有一块了,孤独患者，还有，诗和远方。,http://blog.sina.com.cn/fendoupinbo,fendoupinbo,,m,123,47,177,1653,207,Mon Jan 31 20:18:12 +0800 2011,0,1,0,1,,1,2,2
498,1945867330,流星入雨,,,,,m,134,40,127,661,20,Sat Feb 19 04:17:58 +0800 2011,0,1,0,1,,2,2,2
499,1945938907,饭统仁波切,,,,,m,6,0,242,1,35,Tue Feb 01 19:34:30 +0800 2011,0,0,0,1,,3,3,3
500,1946180905,囧宅铎,手办出坑人士，爱LOL。向着目标勇往直前~！,http://blog.sina.com.cn/u/1946180905,heyjoseph,,m,94,45,218,572,10,Tue Feb 01 23:10:33 +0800 2011,0,1,0,1,,1,2,1
501,1947473674,粤G之美,走不完的路……,,,,m,92,48,317,1104,298,Sun Feb 20 11:47:59 +0800 2011,0,1,0,1,,2,2,2
502,1947988945,lava-gpds,广告商贩没事别加我关注，否则拉黑没商量。别以为所有人都喜欢粉丝多,,,,m,60,22,162,9306,13,Sat Mar 26 22:53:33 +0800 2011,0,1,0,1,,1,2,2
503,1950096653,李小汉他爸,,,,,m,12,3,38,32,1,Fri Feb 04 11:15:36 +0800 2011,0,1,0,1,,1,3,2
504,1952794984,翰墨风雅轩,品味书法文化，交流书法心得，关注艺术收藏。,,davidsmith9988,,m,885,14,1963,23,48,Sat May 21 10:21:56 +0800 2011,0,1,0,1,,2,2,2
505,1953062430,-没法显示-,,,,,m,21,6,97,36,8,Sat May 21 01:00:30 +0800 2011,0,1,0,0,,3,3,2
506,1953423521,Erin-BJ,,,,,f,149,20,137,1305,46,Sun Feb 06 12:12:31 +0800 2011,0,1,0,1,,1,2,2
507,1954544385,雨奈希,{ 花间词 ? 细雨湿流光 },,caoci0423,10290423,f,2697,172,281,432,68,Mon Feb 07 02:06:51 +0800 2011,0,1,0,0,,0,2,2
508,1956048223,L-O-S-T2010,走不出来，走不进去！,,,,m,83,14,141,5326,64,Mon Feb 07 22:18:46 +0800 2011,0,1,0,1,,2,2,2
509,1957972164,请叫我苏丽珍,喜欢冒险，倔强，天生赌徒，广告人。,http://534854245.qzone.qq.com,,,f,306,32,83,148,43,Tue Feb 22 21:22:53 +0800 2011,1,1,0,1,,1,2,1
510,1958080531,姜博文ydsns,“我的灵魂平静而明亮，宛似清晨的群山。可是他们认为我冷酷，以为我是开着可怕玩笑的嘲讽者。”——尼采《扎拉图斯特拉如是说》,http://blog.sina.com.cn/u/1958080531,,,m,190,48,229,3490,59,Fri Feb 11 22:00:34 +0800 2011,0,1,0,1,,1,2,1
511,1958442751,唐位位,看閒書，管閒事，講上海閒話。,http://blog.sina.com.cn/u/1958442751,,,f,1420,707,1018,19699,306,Wed Feb 09 11:57:49 +0800 2011,0,1,0,1,,0,1,1
512,1959185150,总裁精粹,QQ：916658341,http://blog.sina.com.cn/u/1959185150,,916658341,m,1173780,31,60,20899,143,Tue May 10 10:43:32 +0800 2011,1,0,0,1,,0,1,1
513,1960928582,令狐葱白,,,,,m,3,3,60,479,4,Thu Feb 24 22:05:31 +0800 2011,0,1,0,1,,3,3,3
514,1961658655,王玉凡2011,安永管理咨询市场拓展BD经理,http://weibo.com/1961658655,,,m,2758,631,1997,37802,11202,Thu Feb 10 23:02:40 +0800 2011,0,1,0,1,,1,2,1
515,1962310741,微相册,微相册作为微博的核心基础功能为微博用户提供图片的存储和展示服务，同时有机会拓展成为基于图片兴趣分享的社区型产品。,http://photo.weibo.com/welcome/hot,photo,,f,24857946,94,168,11367,190,Fri Feb 11 12:06:37 +0800 2011,1,1,1,1,微博相册官方微博,0,0,0
516,1964170787,湘南云飘,此时、此地、此身；来过、爱过、活过,,feiyeliuhen,,m,325,108,1140,5043,11367,Sat Feb 12 11:49:52 +0800 2011,0,0,0,1,,2,2,2
517,1964797842,SlevenChou,纵使韶华老去，尚存一脉念想。,,zhouyanchen66,,m,405,143,311,1620,452,Sun Feb 27 17:49:25 +0800 2011,0,1,0,1,,1,1,2
518,1965224453,CJIANHUA,勿忘初心！,,,,f,573,88,729,4793,1758,Sat Feb 12 18:58:28 +0800 2011,0,0,0,1,,2,2,2
519,1966735095,谷大掰,若得,,smilehal,,m,247,68,172,2186,22,Sun Feb 13 15:21:01 +0800 2011,0,1,0,1,,1,2,2
520,1967632985,麻雷0478,中国安放在澳洲的一颗麻雷！ Chinese C4 in Aus.,,,,m,308,190,432,437,433,Sun Feb 13 23:57:34 +0800 2011,0,1,0,1,,1,2,2
521,1968538967,精灵兔小弟,每天爱你多一些…,,,,m,132,14,304,17497,28,Mon Feb 14 15:23:50 +0800 2011,0,0,0,0,,3,3,2
522,1969451363,萧鑫说,彼以国士待我，我以国士报之；彼以众人待我，我以众人报之；如果你关注有@卐卍卍，那么我不介意你再关注我一下。,,daochengjushi,21201025,m,193,34,71,219,7,Mon Feb 14 23:33:15 +0800 2011,0,1,0,1,,1,2,2
523,1969493972,Monsoon-6789,,,,,m,1751,95,317,2203,13,Wed May 11 12:13:38 +0800 2011,1,1,0,1,,1,2,2
524,1975425942,赵薏萱,,,,,f,241,81,262,4332,38,Mon Mar 14 16:53:52 +0800 2011,0,1,0,1,,0,2,2
525,1977602647,崔小海_,爱扯淡的诗人,http://blog.sina.com.cn/u/1977602647,cuijiaxiaosheng,533012019,m,442,133,212,3837,42,Sat Feb 19 12:12:02 +0800 2011,0,1,0,1,,0,1,1
526,1981052750,小丑杨宇航,你是要当一辈子的懦夫 还是要当英雄 哪怕只有几分钟 你需要的不仅仅是勇气 来自心底的革命呐喊 只为惊醒少数人,,,,m,236,93,138,2015,294,Fri May 20 18:02:36 +0800 2011,0,1,0,0,,1,2,2
527,1988486807,嘶啰嗦,,,hzsong1980,,m,29,18,102,1059,9,Thu Feb 24 16:53:01 +0800 2011,0,0,0,0,,3,3,2
528,1989838815,彦格格SH,彦格格,,,,f,992,22,185,10971,261,Fri Feb 25 02:23:01 +0800 2011,0,1,0,1,,1,2,2
529,1993173560,口香糖香烟,无所不用其极,,,,m,131,4,79,1249,15,Fri Mar 11 13:34:12 +0800 2011,0,1,0,1,,3,2,3
530,1995406015,雾霾里的紫青童话,找我的梦想，它比我先失落了。,http://blog.sina.com.cn/u/1995406015,,,m,146,24,50,16,4,Sun Feb 27 14:13:14 +0800 2011,0,0,0,0,,1,2,2
531,1996244385,阴老尸,实名认证：中国极次要的梦想家 阴大发,,,,m,728,191,375,1843,203,Sat Mar 19 15:03:35 +0800 2011,0,1,0,1,,0,1,2
532,1998647851,可乐白色,,,,,m,6,0,7,1,0,Mon Feb 28 19:32:44 +0800 2011,0,1,0,1,,3,3,3
533,1998912917,___罗永春,愤青，感性，，多变，易发神经，对什么事都只是有点好奇…,,,,m,556,132,689,7147,2678,Tue Mar 01 10:51:00 +0800 2011,0,1,0,0,,2,2,2
534,1998969655,safari去吧,与庄共舞好不好,,gir1g0,,f,397,68,204,308,239,Mon Feb 28 22:39:55 +0800 2011,0,1,0,1,,1,2,2
535,2001935767,#NAME?,,,knightkira,,m,59,49,387,1247,1488,Wed Mar 02 16:26:03 +0800 2011,0,0,0,0,,2,3,2
536,2002685124,汪帕夏,好运自然来,http://www.renren.com/236732189,,,m,121,45,157,112,0,Sun Mar 13 21:45:00 +0800 2011,0,0,0,0,,1,2,1
537,2004801083,周咏冬666,小微企业负责人,,,,f,50,0,225,14,2,Tue Aug 06 08:00:06 +0800 2013,0,1,0,1,,3,2,3
538,2014444215,肉丝糯米饭,我就是来看笑话笑图加新闻的,,,,m,59,20,63,80,1283,Tue Mar 08 21:02:50 +0800 2011,0,1,0,1,,1,2,2
539,2019103881,一护VS皮卡丘,呵呵= =,,,,m,15,5,31,70,0,Fri Mar 11 08:53:55 +0800 2011,0,1,0,1,,2,3,3
540,2023154190,福云姐,6063957房屋租售求职招聘职业培训婚姻介绍下水道疏通搬家保洁保姆，河口q群142116271,http://www.dy-1314.cn,hhrhk,,f,1596,953,2019,17403,69,Fri May 20 11:26:38 +0800 2011,0,1,1,1,??河口区河龙小区福万家家政服务中心 经营者,1,1,0
541,2023220505,邵向阳1988,邵向阳，从事人力资源管理工作，无党派人士,http://blog.sina.com.cn/u/2023220505,shaoxiangyang,,m,308,2,194,450,21,Sun Mar 13 12:08:00 +0800 2011,0,1,0,1,,1,2,1
542,2024947177,二更下手,,,,,m,716,36,304,18269,14,Mon Mar 14 15:56:36 +0800 2011,0,1,0,1,,2,2,2
543,2027924937,靏Samurai,宁静致远 厚德载福,,,312011128,m,875,100,955,9207,31,Wed Mar 16 05:42:19 +0800 2011,0,1,0,0,,2,2,2
544,2028381117,慕尼黑图片报,FC Bayern Forever NO.1,,,,m,58,16,72,350,3,Wed Mar 16 12:23:52 +0800 2011,0,1,0,1,,1,2,2
545,2029969371,闷葫芦大师,人丑就要多读书,,xcastle,,m,159,40,222,1368,108,Wed Mar 16 21:19:28 +0800 2011,0,1,0,1,,1,2,2
546,2030062710,CHICTALK时髦客v,"时髦客maker ?环球美物,专业的才能是最好的,春天花花设计园http://youmuyouyang.taobao.com?健康美励新生活;打造你个人独特的美丽?",http://youmuyouyang.taobao.com/,sireni,,f,1199,88,1035,7899,33036,Wed Apr 06 19:38:55 +0800 2011,1,0,0,0,,3,3,1
547,2031684357,apabi黄肖俊,方正阿帕比公司总工程师，关注数字出版，数字图书馆，移动阅读等领域,,,,m,246,53,102,87,29,Fri Mar 18 12:27:42 +0800 2011,0,1,0,1,,1,2,2
548,2033792393,gnehcinobiewgnalnix,一句话介绍不了,,,,m,374,13,355,420,1333,Sat Mar 19 15:44:42 +0800 2011,0,1,0,1,,2,2,2
549,2034847552,百分之__,,,,,m,89,12,237,1294,374,Thu Mar 24 01:33:38 +0800 2011,0,1,0,1,,2,3,2
550,2035862671,elyn_gao82,,,,,f,176,112,189,57,10,Sun Mar 20 11:10:28 +0800 2011,0,1,0,1,,0,2,2
551,2037990545,方正电子,方正电子是中文印刷与传媒行业领先的技术、服务提供商和行业咨询专家，业务范围涵盖印刷、传媒、出版、舆情、字库、数字教育等领域。,,founderelectronics,,m,12245,41,97,2148,6,Mon Mar 21 17:02:23 +0800 2011,0,1,1,1,方正电子官方微博,0,0,0
552,2038420594,懒人阿良,大蓝胖次‖银他妈‖冰火‖萌就是正义‖傲娇病晚期‖励志于腹黑吐槽眼镜‖再也不想一个人看电影,http://blog.sina.com.cn/u/2038420594,,,m,289,62,164,3300,5,Sun Jun 19 13:56:47 +0800 2011,0,1,0,1,,1,1,1
553,2038720933,紫灵雀,"邪不压正! 信义才智,胸襟气度,做人的正道",http://Hi.baidu.com/qp66688,,,f,1346,871,1898,26750,36,Tue Mar 22 11:08:22 +0800 2011,0,1,0,1,,1,2,1
554,2040815013,手机用户2040815013,,,,,m,16,2,147,69,213,Wed Mar 23 14:20:03 +0800 2011,0,1,0,1,,3,3,3
555,2044183047,-杉-,,,,,m,269,137,252,123,205,Fri Mar 25 13:56:06 +0800 2011,0,0,0,1,,1,2,2
556,2049923851,陈振亚0913,现在要为5年后打算！,,chenshishaonian,,m,3893,35,543,650,1,Sun Mar 27 22:56:48 +0800 2011,0,1,0,1,,0,2,2
557,2053093471,Vicki南,,,vickidu,,f,311,66,182,1153,6,Tue Mar 29 12:05:36 +0800 2011,0,1,0,0,,1,2,2
558,2061933763,牛饮一族,认识别人容易，认清自己很难，让别人认清自己又易又难，呵呵......沧海一声笑，滔滔股海情，呵呵呵呵呵呵......,,,,f,1140,253,358,10505,15,Sat Apr 02 14:45:07 +0800 2011,0,1,0,1,,1,1,2
559,2063133555,绝望着渴望着,灵魂上的贫瘠，该拿什么来灌溉。,http://blog.sina.com.cn/u/2062412703,520zgr,,m,573,111,188,2052,105,Sat Apr 02 19:27:58 +0800 2011,0,1,0,1,,0,1,1
560,2063426880,高尚doc,哎呀~~~用什么形容词形容我呢,,,,m,25,0,138,41,2,Sun May 22 19:46:20 +0800 2011,0,1,0,1,,3,3,3
561,2069343042,老杨g,,,,,m,47,1,219,1,7,Mon May 23 02:10:21 +0800 2011,0,1,0,1,,3,3,3
562,2071707151,贪婪的金鱼,主要供应：提供CARB认证的E0、E2、P1、P2沙发专用多层胶合板、杂木木方。,,,,m,119,1,77,447,120,Tue Apr 05 20:03:48 +0800 2011,0,1,0,1,,2,2,2
563,2083655331,张海坏,赚钱，娶你们。,,zhanghaihuai,,m,24301,149,200,1053,124,Wed Apr 20 19:40:29 +0800 2011,1,0,0,1,,0,2,2
564,2085790661,每天布洛芬静候灵归的圆先生,cp：@大喜打滚要看觞恭【法律狗|盗墓瓶邪本命|欧美电影资深粉|进击东食夏目黑执斩赤不良人|LOLOMG|非rps的颜狗|易GD|unfo请双】,,,,f,403,142,178,171,354,Wed Apr 13 22:14:43 +0800 2011,0,1,0,1,,0,2,2
565,2089185823,冯雷阳Leon,本来无一物,,,,m,382,45,182,292,145,Sat Apr 16 06:27:11 +0800 2011,0,1,0,1,,1,2,2
566,2089685801,无线风光在限封,百年风雨百年梦，百万学子百万兵，天之骄子天子屠，天安门上天难安。,,bmwyn,,m,538,60,340,8167,94,Fri Apr 15 22:59:41 +0800 2011,0,0,0,0,,2,2,2
567,2090750051,Z-YONG168,      时 间 会 冲 淡 一 切，回 忆 是 偶 然 的 。。。。,,,,m,205,133,341,126,3,Sat Apr 16 16:55:37 +0800 2011,0,1,0,1,,1,2,2
568,2094825991,拖泥锅锅,80末 水瓶男,,tonymel,,m,164,95,189,228,4,Tue Apr 19 09:52:23 +0800 2011,0,1,0,1,,1,2,2
569,2099023091,高菲娴,信奉无不可过去之事，有自然相知之人。帝王以此为书，小女子学习也。,,,,f,313,92,279,662,18,Thu Apr 21 14:26:20 +0800 2011,0,1,0,1,,1,2,2
570,2101343950,小A在职场,职场很好玩，心态很重要。,,,,f,37,4,28,118,0,Fri Apr 15 10:32:09 +0800 2011,0,1,0,1,,2,2,2
571,2106652642,缪卫华,思考向前 不止这余年！,http://mwh0121.vip.bokee.com/,,,m,119,38,426,6316,4628,Wed Apr 20 08:06:03 +0800 2011,0,1,0,1,,3,2,1
572,2107706333,格物致知189,我吃我喝我玩，我思考……别笑，说你呢，GOD,,,,m,436,89,2008,1471,11,Wed Apr 27 10:21:13 +0800 2011,0,1,0,1,,2,2,2
573,2109376963,戴眼镜的小狐狸,金无足赤，人无完人。,,silverfox007,,m,120,16,280,28,612,Thu Apr 28 11:26:30 +0800 2011,0,1,0,0,,2,3,2
574,2112908404,o2o人才网,,,,,m,270,1,1966,342,0,Sun Apr 24 22:18:32 +0800 2011,0,1,0,1,,3,3,2
575,2117071614,CWIDDER,,,,,m,163,77,184,346,33,Wed Apr 27 16:22:25 +0800 2011,0,1,0,1,,1,2,2
576,2117253577,若痴_人生,滾滾紅塵，緣淺緣深，出世入空門。   离离往事，緣起緣滅，生死都是業。,,suxiancheng,,m,663,223,400,2,1,Mon May 02 23:42:06 +0800 2011,1,1,0,0,,1,3,2
577,2118181394,高原妈妈的眼泪,依靠儿子的妈妈。,,,,f,1196,26,1464,186,8,Thu Apr 28 10:48:33 +0800 2011,0,1,0,0,,3,2,2
578,2119470313,拥抱这样那样,时间会走，我不会。依旧是那个胖子,,wangk615,,m,160,5,86,7841,0,Wed May 04 17:55:45 +0800 2011,1,1,0,1,,2,3,2
579,2122305631,自由电子微博,,,richardk,,m,83,41,218,98,7,Fri May 06 13:27:16 +0800 2011,0,1,0,1,,1,2,2
580,2123294737,邹小炭,一个不相信现实有童话但相信童话世界存在的low逼.,,,208452777,f,296,20,67,126,514,Sat May 07 21:13:05 +0800 2011,0,0,0,1,,1,2,2
581,2127527392,为梦想行走的黄,请叫我师傅。在路上，行者无疆。公益。文学。自由。音乐。,,,,m,3237,154,393,3059,16,Mon May 02 13:14:13 +0800 2011,0,1,0,1,,0,1,2
582,2128553132,无所不予,“应无所住，而生其心”,,wusuobuyu,,m,218,26,801,3669,512,Wed May 11 19:36:11 +0800 2011,1,0,0,1,,2,2,2
583,2129325882,Clairemodel,,,,,m,138,41,310,699,13,Tue May 03 11:10:36 +0800 2011,0,0,0,0,,1,3,2
584,2130878657,我真的叫崔健,你可能不会懂,,,,m,98,22,205,195,42,Mon Jul 04 21:47:25 +0800 2011,0,1,0,1,,2,2,2
585,2132251654,贵州自由草民,,,,,m,292,105,1234,4141,3,Wed May 04 20:06:06 +0800 2011,0,1,0,1,,2,2,2
586,2134495963,tangbofu的马甲,,,,,m,111,41,194,2739,8,Sat May 14 18:12:52 +0800 2011,0,1,0,1,,1,3,2
587,2134671703,哈囉李敖,"前無古人,後無來者,要看此公,就在眼前。 ( 李敖叢書--上書網 http://upbook.taobao.com )",,,,m,9245422,4,5,1148,8,Sat May 14 20:26:09 +0800 2011,0,1,1,1,学者李敖,0,0,0
588,2140415633,應应応,as time goes by yesterday once more than meets the eyes on me too hard to live or die,,,,m,253,95,1317,7628,1175,Tue May 24 19:17:03 +0800 2011,1,1,0,1,,3,2,2
589,2140437397,PE投资观察,,,,,m,173,23,1109,1813,665,Mon Sep 05 22:27:36 +0800 2011,0,0,0,1,,3,2,2
590,2141761681,popomook,李敖之門下走狗。 抱關擊柘，不改其樂 （我常一寫就超過140字的限制，所以我的微博要有看不懂的時候，請從後往前讀，才會知道我的前後文）,http://blog.sina.com.cn/u/2141761681,,,m,4642,4,18,10053,78,Thu May 26 09:08:15 +0800 2011,0,1,0,1,,0,2,1
591,2142332795,DOUDOU东,敢想不敢为者，终困牢笼,,,,m,153,14,626,3355,9,Tue May 24 22:28:24 +0800 2011,0,1,0,0,,1,3,2
592,2143364390,吉跋猫___,我喜欢看你吞玻璃渣的样子。,,,,m,62,35,74,130,3,Sun May 08 18:15:05 +0800 2011,0,1,0,0,,1,3,2
593,2143527164,涓水禅心,我我我我我我我就是我,,,,f,70,16,115,203,9,Sun May 08 19:20:40 +0800 2011,0,1,0,0,,1,2,2
594,2149260484,clifts,,,,,m,89,17,90,3757,5,Sun May 29 12:37:29 +0800 2011,0,1,0,1,,2,2,2
595,2152747445,爱喝绿豆汤的ty,,,,,f,194,80,183,700,32,Sun May 29 15:47:06 +0800 2011,0,1,0,1,,1,2,2
596,2155885740,聂村姑离开李河到了陈家,麻麻说，谁娶了我谁倒霉。。。我觉得麻麻说得很对~~,,,,f,33,7,32,91,1,Thu Jun 02 22:32:32 +0800 2011,0,1,0,1,,1,2,3
597,2156659033,嘻嘻哈哈_Cherry,没心没肺,,woshiwangxian,,f,126,12,50,622,10,Tue May 31 17:19:31 +0800 2011,0,1,0,1,,1,2,2
598,2156840791,落梅如雪_0325,要赚钱贴家，也要用心带娃，更要貌美如花,,,,f,299,112,252,2572,99,Fri Jun 17 16:11:24 +0800 2011,0,1,0,0,,1,2,2
599,2157651383,水瓶座卡卡,,,,,f,108,6,128,24,14,Wed Jun 01 10:11:05 +0800 2011,0,1,0,1,,2,2,3
